Rank,Player,Goals,Season
1,Teddy Sheringham,22,1992
2,Les Ferdinand,20,1992
3,Dean Holdsworth,19,1992
4,Mick Quinn,17,1992
5,Alan Shearer,16,1992
5,David White,16,1992
7,Chris Armstrong,15,1992
7,Eric Cantona,15,1992
7,Lee Chapman,15,1992
7,Brian Deane,15,1992
7,Mark Hughes,15,1992
7,Matthew Le Tissier,15,1992
7,Ian Wright,15,1992
14,Mark Robins,14,1992
14,Ian Rush,14,1992
14,Dean Saunders,14,1992
17,Mike Newell,13,1992
17,Paul Wilkinson,13,1992
19,Mark Bright,12,1992
19,Tony Cottee,12,1992
19,Ian Olney,12,1992
22,Dalian Atkinson,11,1992
22,Iain Dowie,11,1992
22,Kevin Gallacher,11,1992
22,David Hirst,11,1992
22,Mike Sheron,11,1992
22,Mark Walters,11,1992
28,Bradley Allen,10,1992
28,Peter Beardsley,10,1992
28,Nigel Clough,10,1992
28,Chris Kiwomya,10,1992
32,Neil Adams,9,1992
32,Ryan Giggs,9,1992
32,Mick Harford,9,1992
32,John Hendrie,9,1992
32,Brian McClair,9,1992
32,Garry Parker,9,1992
32,David Phillips,9,1992
32,Niall Quinn,9,1992
32,Graham Stuart,9,1992
1,Andrew Cole,34,1993
2,Alan Shearer,31,1993
3,Matthew Le Tissier,25,1993
3,Chris Sutton,25,1993
5,Ian Wright,23,1993
6,Peter Beardsley,21,1993
7,Mark Bright,19,1993
8,Eric Cantona,18,1993
9,Dean Holdsworth,17,1993
9,Rod Wallace,17,1993
11,Tony Cottee,16,1993
11,Les Ferdinand,16,1993
13,Kevin Campbell,15,1993
14,Ian Rush,14,1993
15,Ryan Giggs,13,1993
15,Trevor Morley,13,1993
15,Teddy Sheringham,13,1993
15,Mark Stein,13,1993
19,Efan Ekoku,12,1993
19,Jan Åge Fjørtoft,12,1993
19,Robbie Fowler,12,1993
19,Mark Hughes,12,1993
19,Gordon Watson,12,1993
24,Brian Deane,11,1993
24,John Fashanu,11,1993
24,Peter Ndlovu,11,1993
27,Ian Marshall,10,1993
27,Dean Saunders,10,1993
27,Gary Speed,10,1993
30,Robbie Earle,9,1993
30,Jostein Flo,9,1993
30,Ruel Fox,9,1993
30,Graeme Sharp,9,1993
30,Lee Sharpe,9,1993
35,Dalian Atkinson,8,1993
35,Chris Bart-Williams,8,1993
35,Jason Dozzell,8,1993
35,Paul Ince,8,1993
35,Gary McAllister,8,1993
35,Gavin Peacock,8,1993
1,Alan Shearer,34,1994
2,Robbie Fowler,25,1994
3,Les Ferdinand,24,1994
4,Stan Collymore,22,1994
5,Andrew Cole,21,1994
6,Jürgen Klinsmann,20,1994
7,Matthew Le Tissier,19,1994
8,Teddy Sheringham,18,1994
8,Ian Wright,18,1994
10,Uwe Rösler,15,1994
10,Dean Saunders,15,1994
10,Chris Sutton,15,1994
13,Andrei Kanchelskis,14,1994
13,Paul Rideout,14,1994
15,Tony Cottee,13,1994
15,Dion Dublin,13,1994
15,Bryan Roy,13,1994
18,Peter Beardsley,12,1994
18,Eric Cantona,12,1994
18,Ian Rush,12,1994
18,Paul Walsh,12,1994
18,Anthony Yeboah,12,1994
23,Mark Bright,11,1994
23,Peter Ndlovu,11,1994
23,John Spencer,11,1994
23,Guy Whittingham,11,1994
27,Ruel Fox,10,1994
27,Paul Furlong,10,1994
27,Kevin Gallen,10,1994
30,Nick Barmby,9,1994
30,Brian Deane,9,1994
30,Iain Dowie,9,1994
30,Efan Ekoku,9,1994
30,Don Hutchison,9,1994
30,Robert Lee,9,1994
30,Iwan Roberts,9,1994
30,Mark Robins,9,1994
38,Chris Armstrong,8,1994
38,Mark Hughes,8,1994
38,Paul Kitson,8,1994
1,Alan Shearer,31,1995
2,Robbie Fowler,28,1995
3,Les Ferdinand,25,1995
4,Dwight Yorke,17,1995
5,Teddy Sheringham,16,1995
6,Chris Armstrong,15,1995
6,Andrei Kanchelskis,15,1995
6,Ian Wright,15,1995
9,Eric Cantona,14,1995
9,Stan Collymore,14,1995
9,Dion Dublin,14,1995
12,David Hirst,13,1995
12,John Spencer,13,1995
14,Savo Milosevic,12,1995
14,Anthony Yeboah,12,1995
16,Dennis Bergkamp,11,1995
16,Andrew Cole,11,1995
16,Robbie Earle,11,1995
16,Ryan Giggs,11,1995
20,Tony Cottee,10,1995
20,Danny Dichio,10,1995
20,Julian Dicks,10,1995
20,Dean Holdsworth,10,1995
20,Paul Scholes,10,1995
25,Uwe Rösler,9,1995
25,Graham Stuart,9,1995
27,Peter Beardsley,8,1995
27,Marc Degryse,8,1995
27,Iain Dowie,8,1995
27,Kevin Gallen,8,1995
27,Mark Hughes,8,1995
27,Jason Lee,8,1995
27,Robert Lee,8,1995
27,Niall Quinn,8,1995
27,Bryan Roy,8,1995
27,Noel Whelan,8,1995
27,Ian Woan,8,1995
38,Nick Barmby,7,1995
38,David Beckham,7,1995
38,Mark Bright,7,1995
1,Alan Shearer,25,1996
2,Ian Wright,23,1996
3,Robbie Fowler,18,1996
3,Ole Gunnar Solskjaer,18,1996
5,Dwight Yorke,17,1996
6,Les Ferdinand,16,1996
6,Fabrizio Ravanelli,16,1996
8,Dion Dublin,13,1996
8,Matthew Le Tissier,13,1996
10,Dennis Bergkamp,12,1996
10,Stan Collymore,12,1996
10,Juninho Paulista,12,1996
13,Eric Cantona,11,1996
13,Steve Claridge,11,1996
13,Efan Ekoku,11,1996
13,Dean Sturridge,11,1996
13,Chris Sutton,11,1996
18,Andy Booth,10,1996
18,Duncan Ferguson,10,1996
18,Kevin Gallacher,10,1996
18,Emile Heskey,10,1996
18,Savo Milosevic,10,1996
23,Egil Ostenstad,9,1996
23,Gary Speed,9,1996
23,Gianluca Vialli,9,1996
26,David Beckham,8,1996
26,Marcus Gayle,8,1996
26,John Hartson,8,1996
26,Mark Hughes,8,1996
26,Paul Kitson,8,1996
26,Ian Marshall,8,1996
26,Ashley Ward,8,1996
26,Gianfranco Zola,8,1996
34,Roberto Di Matteo,7,1996
34,Robbie Earle,7,1996
34,Steve McManaman,7,1996
34,Teddy Sheringham,7,1996
38,Aljosa Asanovic,6,1996
38,Patrik Berger,6,1996
38,Kevin Campbell,6,1996
1,Dion Dublin,18,1997
1,Michael Owen,18,1997
1,Chris Sutton,18,1997
4,Dennis Bergkamp,16,1997
4,Kevin Gallacher,16,1997
4,Jimmy Floyd Hasselbaink,16,1997
7,Andrew Cole,15,1997
7,John Hartson,15,1997
9,Darren Huckerby,14,1997
10,Paulo Wanchope,13,1997
11,Francesco Baiano,12,1997
11,Nathan Blake,12,1997
11,Paolo Di Canio,12,1997
11,Marc Overmars,12,1997
11,Dwight Yorke,12,1997
16,Duncan Ferguson,11,1997
16,Tore Andre Flo,11,1997
16,Matthew Le Tissier,11,1997
16,Steve McManaman,11,1997
16,Egil Ostenstad,11,1997
16,Gianluca Vialli,11,1997
22,Emile Heskey,10,1997
22,Neil Redfearn,10,1997
22,Rod Wallace,10,1997
22,Ian Wright,10,1997
26,David Beckham,9,1997
26,Benito Carbone,9,1997
26,Kevin Davies,9,1997
26,Robbie Fowler,9,1997
26,David Hirst,9,1997
26,Mark Hughes,9,1997
26,Jürgen Klinsmann,9,1997
26,Teddy Sheringham,9,1997
26,Dean Sturridge,9,1997
26,Alan Thompson,9,1997
36,Ryan Giggs,8,1997
36,Paul Ince,8,1997
36,Julian Joachim,8,1997
36,Paul Scholes,8,1997
36,Gary Speed,8,1997
1,Jimmy Floyd Hasselbaink,18,1998
1,Michael Owen,18,1998
1,Dwight Yorke,18,1998
4,Nicolas Anelka,17,1998
4,Andrew Cole,17,1998
6,Hamilton Ricard,15,1998
7,Dion Dublin,14,1998
7,Robbie Fowler,14,1998
7,Julian Joachim,14,1998
7,Alan Shearer,14,1998
11,Gianfranco Zola,13,1998
12,Dennis Bergkamp,12,1998
12,Ole Gunnar Solskjaer,12,1998
14,Gustavo Poyet,11,1998
15,Tony Cottee,10,1998
15,Jason Euell,10,1998
15,Tore Andre Flo,10,1998
15,Marcus Gayle,10,1998
15,Noel Whelan,10,1998
20,Lee Bowyer,9,1998
20,Deon Burton,9,1998
20,Kevin Campbell,9,1998
20,Dougie Freedman,9,1998
20,Darren Huckerby,9,1998
20,Steffen Iversen,9,1998
20,Paulo Wanchope,9,1998
20,Ian Wright,9,1998
28,Benito Carbone,8,1998
28,Clive Mendonca,8,1998
28,Jamie Redknapp,8,1998
31,Chris Armstrong,7,1998
31,Patrik Berger,7,1998
31,Paolo Di Canio,7,1998
31,Egil Ostenstad,7,1998
31,Trevor Sinclair,7,1998
31,Alan Smith,7,1998
37,Mikkel Beck,6,1998
37,David Beckham,6,1998
37,Andy Booth,6,1998
37,Sol Campbell,6,1998
1,Kevin Phillips,30,1999
2,Alan Shearer,23,1999
3,Dwight Yorke,20,1999
4,Michael Bridges,19,1999
4,Andrew Cole,19,1999
6,Thierry Henry,17,1999
7,Paolo Di Canio,16,1999
8,Chris Armstrong,14,1999
8,Steffen Iversen,14,1999
8,Niall Quinn,14,1999
11,Tony Cottee,13,1999
11,Marian Pahars,13,1999
13,Kevin Campbell,12,1999
13,Dion Dublin,12,1999
13,Kanu,12,1999
13,Robbie Keane,12,1999
13,Hamilton Ricard,12,1999
13,Ole Gunnar Solskjaer,12,1999
13,Paulo Wanchope,12,1999
20,Gary McAllister,11,1999
20,Michael Owen,11,1999
22,Gilles De Bilde,10,1999
22,Tore Andre Flo,10,1999
22,Emile Heskey,10,1999
22,Harry Kewell,10,1999
22,Gustavo Poyet,10,1999
22,Dean Windass,10,1999
28,Nick Barmby,9,1999
28,Patrik Berger,9,1999
28,Titi Camara,9,1999
28,Carl Cort,9,1999
28,Brian Deane,9,1999
28,John Hartson,9,1999
28,Paul Scholes,9,1999
28,Gary Speed,9,1999
36,Rory Delap,8,1999
36,Muzzy Izzet,8,1999
36,Tim Sherwood,8,1999
36,Davor Suker,8,1999
40,Peter Beagrie,7,1999
1,Jimmy Floyd Hasselbaink,23,2000
2,Marcus Stewart,19,2000
3,Thierry Henry,17,2000
3,Mark Viduka,17,2000
5,Michael Owen,16,2000
6,Teddy Sheringham,15,2000
7,Emile Heskey,14,2000
7,Kevin Phillips,14,2000
9,Alen Boksic,12,2000
10,James Beattie,11,2000
10,Jonatan Johansson,11,2000
10,Frederic Kanoute,11,2000
10,Gustavo Poyet,11,2000
10,Alan Smith,11,2000
15,Les Ferdinand,10,2000
15,Eidur Gudjohnsen,10,2000
15,Ole Gunnar Solskjaer,10,2000
18,Ade Akinbiyi,9,2000
18,David Beckham,9,2000
18,Lee Bowyer,9,2000
18,Kevin Campbell,9,2000
18,Andrew Cole,9,2000
18,Paolo Di Canio,9,2000
18,Robbie Keane,9,2000
18,Marian Pahars,9,2000
18,Serhiy Rebrov,9,2000
18,Paulo Wanchope,9,2000
18,Dwight Yorke,9,2000
18,Gianfranco Zola,9,2000
30,Malcolm Christie,8,2000
30,Dion Dublin,8,2000
30,Robbie Fowler,8,2000
30,Don Hutchison,8,2000
30,Sylvain Wiltord,8,2000
35,Alun Armstrong,7,2000
35,Shaun Bartlett,7,2000
35,Steven Gerrard,7,2000
35,Ian Harte,7,2000
35,Muzzy Izzet,7,2000
35,Julian Joachim,7,2000
1,Thierry Henry,24,2001
2,Jimmy Floyd Hasselbaink,23,2001
2,Alan Shearer,23,2001
2,Ruud van Nistelrooy,23,2001
5,Michael Owen,19,2001
6,Ole Gunnar Solskjaer,17,2001
7,Robbie Fowler,15,2001
8,Eidur Gudjohnsen,14,2001
8,Marian Pahars,14,2001
10,Andrew Cole,13,2001
11,Juan Pablo Ángel,12,2001
11,James Beattie,12,2001
11,Fredrik Ljungberg,12,2001
11,Michael Ricketts,12,2001
11,Darius Vassell,12,2001
16,David Beckham,11,2001
16,Jason Euell,11,2001
16,Frederic Kanoute,11,2001
16,Kevin Phillips,11,2001
16,Mark Viduka,11,2001
21,Craig Bellamy,10,2001
21,Jermain Defoe,10,2001
21,Matt Jansen,10,2001
21,Gustavo Poyet,10,2001
21,Teddy Sheringham,10,2001
21,Sylvain Wiltord,10,2001
27,Marcus Bent,9,2001
27,Dennis Bergkamp,9,2001
27,Malcolm Christie,9,2001
27,Paolo Di Canio,9,2001
27,Les Ferdinand,9,2001
27,Emile Heskey,9,2001
27,Robert Pires,9,2001
27,Fabrizio Ravanelli,9,2001
35,Alen Boksic,8,2001
35,Barry Hayles,8,2001
35,Harry Kewell,8,2001
35,Steed Malbranque,8,2001
35,Kevin Nolan,8,2001
35,Laurent Robert,8,2001
1,Ruud van Nistelrooy,25,2002
2,Thierry Henry,24,2002
3,James Beattie,23,2002
4,Mark Viduka,20,2002
5,Michael Owen,19,2002
6,Alan Shearer,17,2002
7,Nicolas Anelka,14,2002
7,Robbie Keane,14,2002
7,Harry Kewell,14,2002
7,Robert Pires,14,2002
7,Paul Scholes,14,2002
7,Gianfranco Zola,14,2002
13,Teddy Sheringham,12,2002
14,Jimmy Floyd Hasselbaink,11,2002
14,Tomasz Radzinski,11,2002
16,Kevin Campbell,10,2002
16,Dion Dublin,10,2002
16,Jason Euell,10,2002
16,Eidur Gudjohnsen,10,2002
16,Sylvain Wiltord,10,2002
21,Milan Baros,9,2002
21,Paolo Di Canio,9,2002
21,Damien Duff,9,2002
21,Marc Vivien Foe,9,2002
21,Massimo Maccarone,9,2002
21,Ole Gunnar Solskjaer,9,2002
27,Jermain Defoe,8,2002
27,David Dunn,8,2002
27,Ryan Giggs,8,2002
27,Trevor Sinclair,8,2002
27,Darius Vassell,8,2002
27,Dwight Yorke,8,2002
33,Craig Bellamy,7,2002
33,Andrew Cole,7,2002
33,Youri Djorkaeff,7,2002
33,Shaun Goater,7,2002
33,Danny Murphy,7,2002
33,Szilard Nemeth,7,2002
33,Geremi,7,2002
33,Jay Jay Okocha,7,2002
1,Thierry Henry,30,2003
2,Alan Shearer,22,2003
3,Louis Saha,20,2003
3,Ruud van Nistelrooy,20,2003
5,Mikael Forssell,17,2003
6,Yakubu,16,2003
6,Nicolas Anelka,16,2003
6,Juan Pablo Ángel,16,2003
6,Michael Owen,16,2003
10,James Beattie,14,2003
10,Robbie Keane,14,2003
10,Robert Pires,14,2003
13,Les Ferdinand,12,2003
13,Jimmy Floyd Hasselbaink,12,2003
13,Kevin Phillips,12,2003
16,Andrew Cole,11,2003
16,Paul Dickov,11,2003
16,Mark Viduka,11,2003
19,Hernán Crespo,10,2003
19,Jason Euell,10,2003
19,Frank Lampard,10,2003
22,Marcus Bent,9,2003
22,Luís Boa Morte,9,2003
22,Kevin Davies,9,2003
22,Szilard Nemeth,9,2003
22,Kevin Nolan,9,2003
22,Wayne Rooney,9,2003
22,Paul Scholes,9,2003
22,Teddy Sheringham,9,2003
22,Alan Smith,9,2003
22,Darius Vassell,9,2003
32,Youri Djorkaeff,8,2003
32,Juninho Paulista,8,2003
32,Tomasz Radzinski,8,2003
35,Shola Ameobi,7,2003
35,Henri Camara,7,2003
35,Jermain Defoe,7,2003
35,Robbie Fowler,7,2003
35,Ryan Giggs,7,2003
35,Emile Heskey,7,2003
1,Thierry Henry,25,2004
2,Andrew Johnson,21,2004
3,Robert Pires,14,2004
4,Jermain Defoe,13,2004
4,Jimmy Floyd Hasselbaink,13,2004
4,Frank Lampard,13,2004
7,Yakubu,12,2004
7,Andrew Cole,12,2004
7,Peter Crouch,12,2004
7,Eidur Gudjohnsen,12,2004
11,Tim Cahill,11,2004
11,Robert Earnshaw,11,2004
11,Robbie Fowler,11,2004
11,Robbie Keane,11,2004
11,Wayne Rooney,11,2004
16,Didier Drogba,10,2004
16,Emile Heskey,10,2004
16,Fredrik Ljungberg,10,2004
16,Kevin Phillips,10,2004
16,Shaun Wright-Phillips,10,2004
21,Milan Baros,9,2004
21,Paul Dickov,9,2004
21,El Hadji Diouf,9,2004
21,José Antonio Reyes,9,2004
21,Paul Scholes,9,2004
26,Dennis Bergkamp,8,2004
26,Luís Boa Morte,8,2004
26,Joe Cole,8,2004
26,Kevin Davies,8,2004
26,Luis García,8,2004
26,Nolberto Solano,8,2004
32,Nicolas Anelka,7,2004
32,Juan Pablo Ángel,7,2004
32,Dean Ashton,7,2004
32,Gareth Barry,7,2004
32,Craig Bellamy,7,2004
32,Damien Francis,7,2004
32,Steven Gerrard,7,2004
32,Stelios Giannakopoulos,7,2004
32,Frederic Kanoute,7,2004
1,Thierry Henry,27,2005
2,Ruud van Nistelrooy,21,2005
3,Darren Bent,18,2005
4,Robbie Keane,16,2005
4,Frank Lampard,16,2005
4,Wayne Rooney,16,2005
7,Marlon Harewood,14,2005
8,Yakubu,13,2005
8,Craig Bellamy,13,2005
10,Henri Camara,12,2005
10,Didier Drogba,12,2005
12,Collins John,11,2005
12,Mido,11,2005
14,James Beattie,10,2005
14,Hernán Crespo,10,2005
14,Steven Gerrard,10,2005
14,Alan Shearer,10,2005
18,Shola Ameobi,9,2005
18,Djibril Cissé,9,2005
18,Andrew Cole,9,2005
18,Jermain Defoe,9,2005
18,Cristiano Ronaldo,9,2005
18,Morten Gamst Pedersen,9,2005
18,Stelios Giannakopoulos,9,2005
18,Jimmy Floyd Hasselbaink,9,2005
18,Brian McBride,9,2005
18,Kevin Nolan,9,2005
28,Milan Baros,8,2005
28,Peter Crouch,8,2005
28,Heidar Helguson,8,2005
28,Luke Moore,8,2005
28,Jason Roberts,8,2005
28,Darius Vassell,8,2005
34,Joe Cole,7,2005
34,Kevin Davies,7,2005
34,Luis García,7,2005
34,Shefki Kuqi,7,2005
34,Lomana Lua Lua,7,2005
34,Michael Owen,7,2005
34,Robert Pires,7,2005
1,Didier Drogba,20,2006
2,Benni McCarthy,18,2006
3,Cristiano Ronaldo,17,2006
4,Wayne Rooney,14,2006
4,Mark Viduka,14,2006
6,Darren Bent,13,2006
6,Kevin Doyle,13,2006
8,Yakubu,12,2006
8,Dimitar Berbatov,12,2006
8,Dirk Kuyt,12,2006
11,Nicolas Anelka,11,2006
11,Andrew Johnson,11,2006
11,Robbie Keane,11,2006
11,Frank Lampard,11,2006
11,Obafemi Martins,11,2006
11,Robin van Persie,11,2006
11,Bobby Zamora,11,2006
18,Gilberto Silva,10,2006
18,Jermain Defoe,10,2006
18,Thierry Henry,10,2006
18,Kanu,10,2006
22,Gabriel Agbonlahor,9,2006
22,Mikel Arteta,9,2006
22,Peter Crouch,9,2006
22,Brian McBride,9,2006
26,Emmanuel Adebayor,8,2006
26,Gareth Barry,8,2006
26,Kevin Davies,8,2006
26,Emile Heskey,8,2006
26,Robert Hulse,8,2006
26,Louis Saha,8,2006
26,Gary Speed,8,2006
26,Matthew Taylor,8,2006
34,Craig Bellamy,7,2006
34,Steven Gerrard,7,2006
34,Salomon Kalou,7,2006
34,Leroy Lita,7,2006
34,Shabani Nonda,7,2006
34,Ole Gunnar Solskjaer,7,2006
34,Carlos Tevez,7,2006
1,Cristiano Ronaldo,31,2007
2,Emmanuel Adebayor,24,2007
2,Fernando Torres,24,2007
4,Roque Santa Cruz,19,2007
5,Yakubu,15,2007
5,Dimitar Berbatov,15,2007
5,Robbie Keane,15,2007
5,Benjani,15,2007
9,Carlos Tevez,14,2007
10,John Carew,13,2007
11,Jermain Defoe,12,2007
11,Wayne Rooney,12,2007
13,Gabriel Agbonlahor,11,2007
13,Nicolas Anelka,11,2007
13,Steven Gerrard,11,2007
13,Michael Owen,11,2007
17,Dean Ashton,10,2007
17,Dave Kitson,10,2007
17,Frank Lampard,10,2007
20,Gareth Barry,9,2007
20,Stewart Downing,9,2007
20,Mikael Forssell,9,2007
20,Obafemi Martins,9,2007
20,Ashley Young,9,2007
25,Didier Drogba,8,2007
25,Joleon Lescott,8,2007
25,Benni McCarthy,8,2007
25,Elano,8,2007
25,Tuncay Sanli,8,2007
30,Michael Ballack,7,2007
30,Marcus Bent,7,2007
30,Tim Cahill,7,2007
30,Joe Cole,7,2007
30,Cesc Fàbregas,7,2007
30,Cameron Jerome,7,2007
30,Kenwyne Jones,7,2007
30,Salomon Kalou,7,2007
30,Robin van Persie,7,2007
30,Mark Viduka,7,2007
40,Afonso Alves,6,2007
1,Nicolas Anelka,19,2008
2,Cristiano Ronaldo,18,2008
3,Steven Gerrard,16,2008
4,Robinho,14,2008
4,Fernando Torres,14,2008
6,Gabriel Agbonlahor,12,2008
6,Darren Bent,12,2008
6,Kevin Davies,12,2008
6,Dirk Kuyt,12,2008
6,Frank Lampard,12,2008
6,Wayne Rooney,12,2008
12,John Carew,11,2008
12,Peter Crouch,11,2008
12,Ricardo Fuller,11,2008
12,Robin van Persie,11,2008
16,Emmanuel Adebayor,10,2008
16,Djibril Cissé,10,2008
16,Carlton Cole,10,2008
16,Jermain Defoe,10,2008
16,Kenwyne Jones,10,2008
16,Robbie Keane,10,2008
16,Benni McCarthy,10,2008
16,Matthew Taylor,10,2008
16,Amr Zaki,10,2008
25,Nicklas Bendtner,9,2008
25,Dimitar Berbatov,9,2008
25,Stephen Ireland,9,2008
28,Craig Bellamy,8,2008
28,Yossi Benayoun,8,2008
28,Chris Brunt,8,2008
28,Tim Cahill,8,2008
28,Marouane Fellaini,8,2008
28,Geovanni,8,2008
28,Obafemi Martins,8,2008
28,Michael Owen,8,2008
36,James Beattie,7,2008
36,Clint Dempsey,7,2008
36,Andrew Johnson,7,2008
36,Marlon King,7,2008
36,Jason Roberts,7,2008
1,Didier Drogba,29,2009
2,Wayne Rooney,26,2009
3,Darren Bent,24,2009
4,Carlos Tevez,23,2009
5,Frank Lampard,22,2009
6,Jermain Defoe,18,2009
6,Fernando Torres,18,2009
8,Cesc Fàbregas,15,2009
9,Emmanuel Adebayor,14,2009
10,Gabriel Agbonlahor,13,2009
10,Louis Saha,13,2009
12,Dimitar Berbatov,12,2009
12,Florent Malouda,12,2009
14,Nicolas Anelka,11,2009
14,Cameron Jerome,11,2009
16,Andrey Arshavin,10,2009
16,Craig Bellamy,10,2009
16,John Carew,10,2009
16,Carlton Cole,10,2009
16,Hugo Rodallega,10,2009
21,Kevin Doyle,9,2009
21,David Dunn,9,2009
21,Steven Gerrard,9,2009
21,Kenwyne Jones,9,2009
21,Dirk Kuyt,9,2009
21,Robin van Persie,9,2009
27,Tim Cahill,8,2009
27,Peter Crouch,8,2009
27,Aruna Dindane,8,2009
27,Steven Fletcher,8,2009
27,Ivan Klasnic,8,2009
27,Matthew Taylor,8,2009
27,Bobby Zamora,8,2009
34,Graham Alexander,7,2009
34,Kevin Davies,7,2009
34,Clint Dempsey,7,2009
34,Alessandro Diamanti,7,2009
34,James Milner,7,2009
34,Thomas Vermaelen,7,2009
40,Abou Diaby,6,2009
1,Dimitar Berbatov,20,2010
1,Carlos Tevez,20,2010
3,Robin van Persie,18,2010
4,Darren Bent,17,2010
5,Peter Odemwingie,15,2010
6,DJ Campbell,13,2010
6,Andy Carroll,13,2010
6,Chicharito,13,2010
6,Dirk Kuyt,13,2010
6,Florent Malouda,13,2010
6,Rafael van der Vaart,13,2010
12,Charlie Adam,12,2010
12,Clint Dempsey,12,2010
12,Kevin Nolan,12,2010
15,Didier Drogba,11,2010
15,Wayne Rooney,11,2010
17,Johan Elmander,10,2010
17,Steven Fletcher,10,2010
17,Asamoah Gyan,10,2010
17,Salomon Kalou,10,2010
17,Frank Lampard,10,2010
17,Samir Nasri,10,2010
17,Maxi Rodríguez,10,2010
17,Fernando Torres,10,2010
25,Nani,9,2010
25,Tim Cahill,9,2010
25,Kenwyne Jones,9,2010
25,Charles N'Zogbia,9,2010
25,Roman Pavlyuchenko,9,2010
25,Hugo Rodallega,9,2010
25,Theo Walcott,9,2010
32,Jermaine Beckford,8,2010
32,Kevin Davies,8,2010
32,Craig Gardner,8,2010
32,Daniel Sturridge,8,2010
32,Yaya Touré,8,2010
37,Demba Ba,7,2010
37,Gareth Bale,7,2010
37,Marouane Chamakh,7,2010
37,Stewart Downing,7,2010
1,Robin van Persie,30,2011
2,Wayne Rooney,27,2011
3,Sergio Agüero,23,2011
4,Emmanuel Adebayor,17,2011
4,Yakubu,17,2011
4,Clint Dempsey,17,2011
7,Demba Ba,16,2011
8,Grant Holt,15,2011
9,Edin Dzeko,14,2011
10,Mario Balotelli,13,2011
10,Papiss Demba Cissé,13,2011
12,Steven Fletcher,12,2011
12,Danny Graham,12,2011
14,Jermain Defoe,11,2011
14,Frank Lampard,11,2011
14,Daniel Sturridge,11,2011
14,Luis Suárez,11,2011
14,Rafael van der Vaart,11,2011
19,Peter Crouch,10,2011
19,Chicharito,10,2011
19,Peter Odemwingie,10,2011
22,Gareth Bale,9,2011
22,Darren Bent,9,2011
22,Nikica Jelavic,9,2011
22,Steve Morison,9,2011
22,Danny Welbeck,9,2011
27,Nani,8,2011
27,Nicklas Bendtner,8,2011
27,Heidar Helguson,8,2011
27,Matthew Jarvis,8,2011
27,Ivan Klasnic,8,2011
27,Shane Long,8,2011
27,Anthony Pilkington,8,2011
27,Scott Sinclair,8,2011
27,Theo Walcott,8,2011
36,Mikel Arteta,7,2011
36,Dimitar Berbatov,7,2011
36,Franco Di Santo,7,2011
36,David Junior Hoilett,7,2011
36,Sebastian Larsson,7,2011
1,Robin van Persie,26,2012
2,Luis Suárez,23,2012
3,Gareth Bale,21,2012
4,Christian Benteke,19,2012
5,Michu,18,2012
6,Romelu Lukaku,17,2012
7,Demba Ba,15,2012
7,Dimitar Berbatov,15,2012
7,Rickie Lambert,15,2012
7,Frank Lampard,15,2012
11,Edin Dzeko,14,2012
11,Theo Walcott,14,2012
13,Sergio Agüero,12,2012
13,Santi Cazorla,12,2012
13,Adam Le Fondre,12,2012
13,Juan Mata,12,2012
13,Wayne Rooney,12,2012
18,Jermain Defoe,11,2012
18,Marouane Fellaini,11,2012
18,Steven Fletcher,11,2012
18,Olivier Giroud,11,2012
18,Arouna Koné,11,2012
18,Lukas Podolski,11,2012
18,Daniel Sturridge,11,2012
18,Carlos Tevez,11,2012
26,Chicharito,10,2012
26,Kevin Nolan,10,2012
28,Gabriel Agbonlahor,9,2012
28,Steven Gerrard,9,2012
28,Eden Hazard,9,2012
31,Papiss Demba Cissé,8,2012
31,Grant Holt,8,2012
31,Shane Long,8,2012
31,Fernando Torres,8,2012
31,Jonathan Walters,8,2012
36,Andy Carroll,7,2012
36,Peter Crouch,7,2012
36,Clint Dempsey,7,2012
36,Nikica Jelavic,7,2012
36,Hal Robson-Kanu,7,2012
1,Luis Suárez,31,2013
2,Daniel Sturridge,21,2013
3,Yaya Touré,20,2013
4,Sergio Agüero,17,2013
4,Wayne Rooney,17,2013
6,Wilfried Bony,16,2013
6,Edin Dzeko,16,2013
6,Olivier Giroud,16,2013
9,Romelu Lukaku,15,2013
9,Jay Rodriguez,15,2013
11,Eden Hazard,14,2013
11,Loïc Rémy,14,2013
13,Steven Gerrard,13,2013
13,Rickie Lambert,13,2013
15,Robin van Persie,12,2013
16,Emmanuel Adebayor,11,2013
17,Christian Benteke,10,2013
17,Aaron Ramsey,10,2013
19,Samuel Eto'o,9,2013
19,Adam Lallana,9,2013
19,Álvaro Negredo,9,2013
19,Raheem Sterling,9,2013
19,Danny Welbeck,9,2013
24,Peter Crouch,8,2013
24,Oscar,8,2013
24,Adam Johnson,8,2013
24,Kevin Mirallas,8,2013
24,Lukas Podolski,8,2013
24,André Schürrle,8,2013
30,Charlie Adam,7,2013
30,Fabio Borini,7,2013
30,Yohan Cabaye,7,2013
30,Christian Eriksen,7,2013
30,Dwight Gayle,7,2013
30,Shane Long,7,2013
30,Jordon Mutch,7,2013
30,Samir Nasri,7,2013
30,Kevin Nolan,7,2013
30,Jason Puncheon,7,2013
30,Steve Sidwell,7,2013
1,Sergio Agüero,26,2014
2,Harry Kane,21,2014
3,Diego Costa,20,2014
4,Charlie Austin,18,2014
5,Alexis Sánchez,16,2014
6,Saido Berahino,14,2014
6,Olivier Giroud,14,2014
6,Eden Hazard,14,2014
9,Christian Benteke,13,2014
10,Graziano Pellè,12,2014
10,Wayne Rooney,12,2014
10,David Silva,12,2014
13,Wilfried Bony,11,2014
13,Nacer Chadli,11,2014
13,Papiss Demba Cissé,11,2014
13,Mame Biram Diouf,11,2014
13,Danny Ings,11,2014
13,Leonardo Ulloa,11,2014
19,Christian Eriksen,10,2014
19,Romelu Lukaku,10,2014
19,Sadio Mané,10,2014
19,Diafra Sakho,10,2014
19,Yaya Touré,10,2014
19,Robin van Persie,10,2014
25,Steven Gerrard,9,2014
25,Juan Mata,9,2014
27,Peter Crouch,8,2014
27,Nikica Jelavic,8,2014
27,Ki Sung-Yueng,8,2014
27,Jonathan Walters,8,2014
31,Charlie Adam,7,2014
31,Santi Cazorla,7,2014
31,Bafétimbi Gomis,7,2014
31,Kevin Mirallas,7,2014
31,Glenn Murray,7,2014
31,Ayoze Pérez,7,2014
31,Loïc Rémy,7,2014
31,Gylfi Sigurdsson,7,2014
31,Raheem Sterling,7,2014
40,Gabriel Agbonlahor,6,2014
1,Harry Kane,25,2015
2,Sergio Agüero,24,2015
2,Jamie Vardy,24,2015
4,Romelu Lukaku,18,2015
5,Riyad Mahrez,17,2015
6,Olivier Giroud,16,2015
7,Jermain Defoe,15,2015
7,Odion Ighalo,15,2015
9,Troy Deeney,13,2015
9,Alexis Sánchez,13,2015
11,André Ayew,12,2015
11,Diego Costa,12,2015
13,Marko Arnautovic,11,2015
13,Sadio Mané,11,2015
13,Anthony Martial,11,2015
13,Graziano Pellè,11,2015
13,Gylfi Sigurdsson,11,2015
13,Georginio Wijnaldum,11,2015
19,Dele Alli,10,2015
19,Roberto Firmino,10,2015
19,Shane Long,10,2015
22,Christian Benteke,9,2015
22,Andy Carroll,9,2015
22,Aleksandar Mitrovic,9,2015
22,Dimitri Payet,9,2015
22,Salomón Rondón,9,2015
27,Michail Antonio,8,2015
27,Ross Barkley,8,2015
27,Philippe Coutinho,8,2015
27,Kelechi Iheanacho,8,2015
27,Wayne Rooney,8,2015
27,Daniel Sturridge,8,2015
33,Jordan Ayew,7,2015
33,Kevin De Bruyne,7,2015
33,Bojan,7,2015
33,Dieudonne Mbokani Bezua,7,2015
33,Mark Noble,7,2015
33,Pedro,7,2015
33,Dusan Tadic,7,2015
40,Christian Eriksen,6,2015
1,Harry Kane,29,2016
2,Romelu Lukaku,25,2016
3,Alexis Sánchez,24,2016
4,Sergio Agüero,20,2016
4,Diego Costa,20,2016
6,Dele Alli,18,2016
7,Zlatan Ibrahimovic,17,2016
8,Eden Hazard,16,2016
8,Joshua King,16,2016
10,Christian Benteke,15,2016
10,Jermain Defoe,15,2016
10,Fernando Llorente,15,2016
13,Son Heung-Min,14,2016
14,Philippe Coutinho,13,2016
14,Sadio Mané,13,2016
14,Jamie Vardy,13,2016
17,Olivier Giroud,12,2016
18,Roberto Firmino,11,2016
19,Troy Deeney,10,2016
19,Sam Vokes,10,2016
19,Theo Walcott,10,2016
22,Michail Antonio,9,2016
22,Andre Gray,9,2016
22,Álvaro Negredo,9,2016
22,Pedro,9,2016
22,Gylfi Sigurdsson,9,2016
27,Willian,8,2016
27,Christian Eriksen,8,2016
27,Adam Lallana,8,2016
27,Manuel Lanzini,8,2016
27,Mesut Özil,8,2016
27,Salomón Rondón,8,2016
33,Etienne Capoue,7,2016
33,Andy Carroll,7,2016
33,Peter Crouch,7,2016
33,Gabriel Jesus,7,2016
33,James Milner,7,2016
33,Divock Origi,7,2016
33,Nathan Redmond,7,2016
33,Islam Slimani,7,2016
1,Mohamed Salah,32,2017
2,Harry Kane,30,2017
3,Sergio Agüero,21,2017
4,Jamie Vardy,20,2017
5,Raheem Sterling,18,2017
6,Romelu Lukaku,16,2017
7,Roberto Firmino,15,2017
8,Alexandre Lacazette,14,2017
9,Gabriel Jesus,13,2017
10,Eden Hazard,12,2017
10,Riyad Mahrez,12,2017
10,Glenn Murray,12,2017
10,Son Heung-Min,12,2017
14,Marko Arnautovic,11,2017
14,Álvaro Morata,11,2017
16,Pierre-Emerick Aubameyang,10,2017
16,Christian Eriksen,10,2017
16,Sadio Mané,10,2017
16,Luka Milivojevic,10,2017
16,Wayne Rooney,10,2017
16,Leroy Sané,10,2017
16,Chris Wood,10,2017
23,Dele Alli,9,2017
23,Ashley Barnes,9,2017
23,Anthony Martial,9,2017
23,Alexis Sánchez,9,2017
23,David Silva,9,2017
23,Wilfried Zaha,9,2017
29,Kevin De Bruyne,8,2017
29,Chicharito,8,2017
29,Joshua King,8,2017
29,Jesse Lingard,8,2017
29,Oumar Niasse,8,2017
29,Ayoze Pérez,8,2017
29,Xherdan Shaqiri,8,2017
29,Callum Wilson,8,2017
37,Marcos Alonso,7,2017
37,Charlie Austin,7,2017
37,Jordan Ayew,7,2017
37,Philippe Coutinho,7,2017
1,Pierre-Emerick Aubameyang,22,2018
1,Sadio Mané,22,2018
1,Mohamed Salah,22,2018
4,Sergio Agüero,21,2018
5,Jamie Vardy,18,2018
6,Harry Kane,17,2018
6,Raheem Sterling,17,2018
8,Eden Hazard,16,2018
9,Callum Wilson,14,2018
10,Richarlison,13,2018
10,Raúl Jiménez,13,2018
10,Alexandre Lacazette,13,2018
10,Glenn Murray,13,2018
10,Paul Pogba,13,2018
10,Gylfi Sigurdsson,13,2018
16,Roberto Firmino,12,2018
16,Ashley Barnes,12,2018
16,Joshua King,12,2018
16,Romelu Lukaku,12,2018
16,Luka Milivojevic,12,2018
16,Ayoze Pérez,12,2018
16,Son Heung-Min,12,2018
23,Aleksandar Mitrovic,11,2018
23,Salomón Rondón,11,2018
25,Marko Arnautovic,10,2018
25,Gerard Deulofeu,10,2018
25,Anthony Martial,10,2018
25,Marcus Rashford,10,2018
25,Lucas Moura,10,2018
25,Leroy Sané,10,2018
25,Chris Wood,10,2018
25,Wilfried Zaha,10,2018
33,Troy Deeney,9,2018
33,Felipe Anderson,9,2018
33,Diogo Jota,9,2018
36,Christian Eriksen,8,2018
36,Pedro,8,2018
38,David Brooks,7,2018
38,Gabriel Jesus,7,2018
38,Ryan Fraser,7,2018
1,Jamie Vardy,19,2019
2,Pierre-Emerick Aubameyang,17,2019
3,Sergio Agüero,16,2019
3,Mohamed Salah,16,2019
5,Danny Ings,15,2019
6,Sadio Mané,14,2019
6,Marcus Rashford,14,2019
8,Tammy Abraham,13,2019
8,Dominic Calvert-Lewin,13,2019
8,Raúl Jiménez,13,2019
11,Harry Kane,11,2019
11,Anthony Martial,11,2019
11,Teemu Pukki,11,2019
11,Raheem Sterling,11,2019
11,Chris Wood,11,2019
16,Richarlison,10,2019
16,Gabriel Jesus,10,2019
18,Son Heung-Min,9,2019
19,Dele Alli,8,2019
19,Jordan Ayew,8,2019
19,Roberto Firmino,8,2019
19,Kevin De Bruyne,8,2019
19,Neal Maupay,8,2019
19,Callum Wilson,8,2019
25,Jack Grealish,7,2019
25,Sébastien Haller,7,2019
25,Alexandre Lacazette,7,2019
25,Riyad Mahrez,7,2019
25,Ayoze Pérez,7,2019
25,Harry Wilson,7,2019
31,Harvey Barnes,6,2019
31,Ashley Barnes,6,2019
31,Todd Cantwell,6,2019
31,Troy Deeney,6,2019
31,James Maddison,6,2019
31,Mason Mount,6,2019
31,Diogo Jota,6,2019
38,Willian,5,2019
38,John Fleck,5,2019
38,Mason Greenwood,5,2019
